datetime,temperature,regulator,error,inAuto,ready,lowerPower,upperPower
15:57:51,32.35,0.00,-32.35,0,0,0,0
15:58:02,32.62,0.00,-32.62,0,0,0,0
15:58:12,32.77,0.00,-32.77,0,0,0,0
15:58:22,32.92,0.00,-32.92,0,0,0,0
15:58:32,32.70,0.00,-32.70,0,0,0,0
15:58:42,32.72,0.00,-32.72,0,0,0,0
15:58:52,32.45,0.00,-32.45,0,0,30,0
15:59:02,32.60,0.00,-32.60,0,0,30,0
15:59:12,32.67,0.00,-32.67,0,0,30,0
15:59:23,32.55,0.00,-32.55,0,0,30,0
15:59:33,32.60,0.00,-32.60,0,0,30,0
15:59:43,33.15,0.00,-33.15,0,0,30,0
15:59:53,32.67,0.00,-32.67,0,0,30,0
16:00:03,32.75,0.00,-32.75,0,0,30,0
16:00:13,32.67,0.00,-32.67,0,0,30,0
16:00:23,32.45,0.00,-32.45,0,0,30,0
16:00:34,32.70,0.00,-32.70,0,0,30,0
16:00:44,33.10,0.00,-33.10,0,0,30,0
16:00:54,32.75,0.00,-32.75,0,0,30,0
16:01:04,32.95,0.00,-32.95,0,0,30,0
16:01:14,32.65,0.00,-32.65,0,0,30,0
16:01:24,32.80,0.00,-32.80,0,0,30,0
16:01:34,33.02,0.00,-33.02,0,0,30,0
16:01:44,32.80,0.00,-32.80,0,0,30,0
16:01:55,32.62,0.00,-32.62,0,0,30,0
16:02:05,32.57,0.00,-32.57,0,0,30,0
16:02:15,32.87,0.00,-32.87,0,0,30,0
16:02:25,32.67,0.00,-32.67,0,0,30,0
16:02:35,32.60,0.00,-32.60,0,0,30,0
16:02:45,32.72,0.00,-32.72,0,0,30,0
16:02:56,32.97,0.00,-32.97,0,0,30,0
16:03:06,32.87,0.00,-32.87,0,0,30,0
16:03:16,32.72,0.00,-32.72,0,0,30,0
16:03:26,32.55,0.00,-32.55,0,0,30,0
16:03:36,32.57,0.00,-32.57,0,0,30,0
16:03:46,32.72,0.00,-32.72,0,0,30,0
16:03:56,32.65,0.00,-32.65,0,0,30,0
16:04:07,32.87,0.00,-32.87,0,0,30,0
16:04:17,32.65,0.00,-32.65,0,0,30,0
16:04:27,33.07,0.00,-33.07,0,0,30,0
16:04:37,32.92,0.00,-32.92,0,0,30,0
16:04:47,32.92,0.00,-32.92,0,0,30,0
16:04:57,33.07,0.00,-33.07,0,0,30,0
16:05:08,32.77,0.00,-32.77,0,0,30,0
16:05:18,33.05,0.00,-33.05,0,0,30,0
16:05:28,32.90,0.00,-32.90,0,0,30,0
16:05:38,33.25,0.00,-33.25,0,0,30,0
16:05:48,33.05,0.00,-33.05,0,0,30,0
16:05:58,33.12,0.00,-33.12,0,0,30,0
16:06:09,33.07,0.00,-33.07,0,0,30,0
16:06:19,33.05,0.00,-33.05,0,0,30,0
16:06:29,33.25,0.00,-33.25,0,0,30,0
16:06:39,33.37,0.00,-33.37,0,0,30,0
16:06:49,33.22,0.00,-33.22,0,0,30,0
16:07:00,33.50,0.00,-33.50,0,0,30,0
16:07:10,33.22,0.00,-33.22,0,0,30,0
16:07:20,33.62,0.00,-33.62,0,0,30,0
16:07:30,33.72,0.00,-33.72,0,0,30,0
16:07:40,33.67,0.00,-33.67,0,0,30,0
16:07:50,33.70,0.00,-33.70,0,0,30,0
16:08:01,33.82,0.00,-33.82,0,0,30,0
16:08:11,33.82,0.00,-33.82,0,0,30,0
16:08:21,33.82,0.00,-33.82,0,0,30,0
16:08:31,33.77,0.00,-33.77,0,0,30,0
16:08:41,34.10,0.00,-34.10,0,0,30,0
16:08:51,34.15,0.00,-34.15,0,0,30,0
16:09:01,34.25,0.00,-34.25,0,0,30,0
16:09:11,34.17,0.00,-34.17,0,0,30,0
16:09:22,34.24,0.00,-34.24,0,0,30,0
16:09:32,34.14,0.00,-34.14,0,0,30,0
16:09:42,34.22,0.00,-34.22,0,0,30,0
16:09:52,34.34,0.00,-34.34,0,0,30,0
16:10:02,34.09,0.00,-34.09,0,0,30,0
16:10:12,34.62,0.00,-34.62,0,0,30,0
16:10:22,34.47,0.00,-34.47,0,0,30,0
16:10:32,34.72,0.00,-34.72,0,0,30,0
16:10:43,34.74,0.00,-34.74,0,0,30,0
16:10:53,34.87,0.00,-34.87,0,0,30,0
16:11:03,34.87,0.00,-34.87,0,0,30,0
16:11:13,34.84,0.00,-34.84,0,0,30,0
16:11:23,35.19,0.00,-35.19,0,0,30,0
16:11:33,35.12,0.00,-35.12,0,0,30,0
16:11:43,35.52,0.00,-35.52,0,0,30,0
16:11:54,35.44,0.00,-35.44,0,0,30,0
16:12:04,35.17,0.00,-35.17,0,0,30,0
16:12:14,35.59,0.00,-35.59,0,0,30,0
16:12:24,35.64,0.00,-35.64,0,0,30,0
16:12:34,35.99,0.00,-35.99,0,0,30,0
16:12:44,35.97,0.00,-35.97,0,0,30,0
16:12:55,36.12,0.00,-36.12,0,0,30,0
16:13:05,35.97,0.00,-35.97,0,0,30,0
16:13:16,36.22,0.00,-36.22,0,0,30,0
16:13:26,36.29,0.00,-36.29,0,0,30,0
16:13:36,36.44,0.00,-36.44,0,0,30,0
16:13:46,36.49,0.00,-36.49,0,0,30,0
16:13:56,36.84,0.00,-36.84,0,0,30,0
16:14:06,36.87,0.00,-36.87,0,0,30,0
16:14:16,37.22,0.00,-37.22,0,0,30,0
16:14:27,37.17,0.00,-37.17,0,0,30,0
16:14:37,37.49,0.00,-37.49,0,0,30,0
16:14:47,37.39,0.00,-37.39,0,0,30,0
16:14:57,37.32,0.00,-37.32,0,0,30,0
16:15:07,37.57,0.00,-37.57,0,0,30,0
16:15:17,37.74,0.00,-37.74,0,0,30,0
16:15:28,37.87,0.00,-37.87,0,0,30,0
16:15:38,38.02,0.00,-38.02,0,0,30,0
16:15:51,38.09,0.00,-38.09,0,0,30,0
16:16:01,38.62,0.00,-38.62,0,0,30,0
16:16:12,38.79,0.00,-38.79,0,0,30,0
16:16:22,38.72,0.00,-38.72,0,0,30,0
16:16:32,38.79,0.00,-38.79,0,0,30,0
16:16:42,38.99,0.00,-38.99,0,0,30,0
16:16:52,38.97,0.00,-38.97,0,0,30,0
16:17:02,38.89,0.00,-38.89,0,0,30,0
16:17:12,39.32,0.00,-39.32,0,0,30,0
16:17:22,39.27,0.00,-39.27,0,0,30,0
16:17:33,39.47,0.00,-39.47,0,0,30,0
16:17:43,39.61,0.00,-39.61,0,0,30,0
16:17:53,39.69,0.00,-39.69,0,0,30,0
16:18:03,39.91,0.00,-39.91,0,0,30,0
16:18:13,40.04,0.00,-40.04,0,0,30,0
16:18:24,40.19,0.00,-40.19,0,0,30,0
16:18:34,40.51,0.00,-40.51,0,0,30,0
16:18:44,40.54,0.00,-40.54,0,0,30,0
16:18:54,40.74,0.00,-40.74,0,0,30,0
16:19:04,40.96,0.00,-40.96,0,0,30,0
16:19:14,41.14,0.00,-41.14,0,0,30,0
16:19:25,41.34,0.00,-41.34,0,0,30,0
16:19:35,41.59,0.00,-41.59,0,0,30,0
16:19:45,41.54,0.00,-41.54,0,0,30,0
16:19:55,41.64,0.00,-41.64,0,0,30,0
16:20:05,42.01,0.00,-42.01,0,0,30,0
16:20:15,42.19,0.00,-42.19,0,0,30,0
16:20:25,42.21,0.00,-42.21,0,0,30,0
16:20:35,42.31,0.00,-42.31,0,0,30,0
16:20:45,42.49,0.00,-42.49,0,0,30,0
16:20:56,42.59,0.00,-42.59,0,0,30,0
16:21:06,42.71,0.00,-42.71,0,0,30,0
16:21:16,42.84,0.00,-42.84,0,0,30,0
16:21:26,42.99,0.00,-42.99,0,0,30,0
16:21:36,43.26,0.00,-43.26,0,0,30,0
16:21:46,43.41,0.00,-43.41,0,0,30,0
16:21:56,43.51,0.00,-43.51,0,0,30,0
16:22:07,43.64,0.00,-43.64,0,0,30,0
16:22:17,43.99,0.00,-43.99,0,0,30,0
16:22:27,43.99,0.00,-43.99,0,0,30,0
16:22:37,44.04,0.00,-44.04,0,0,30,0
16:22:47,44.11,0.00,-44.11,0,0,30,0
16:22:57,44.46,0.00,-44.46,0,0,30,0
16:23:07,44.74,0.00,-44.74,0,0,30,0
16:23:17,44.86,0.00,-44.86,0,0,30,0
16:23:28,44.99,0.00,-44.99,0,0,30,0
16:23:38,45.09,0.00,-45.09,0,0,30,0
16:23:48,45.41,0.00,-45.41,0,0,30,0
16:23:58,45.59,0.00,-45.59,0,0,30,0
16:24:08,45.64,0.00,-45.64,0,0,30,0
16:24:18,45.89,0.00,-45.89,0,0,30,0
16:24:28,46.09,0.00,-46.09,0,0,30,0
16:24:38,46.34,0.00,-46.34,0,0,30,0
16:24:49,46.69,0.00,-46.69,0,0,30,0
16:24:59,46.76,0.00,-46.76,0,0,30,0
16:25:09,47.06,0.00,-47.06,0,0,30,0
16:25:19,47.26,0.00,-47.26,0,0,30,0
16:25:29,47.19,0.00,-47.19,0,0,30,0
16:25:39,47.76,0.00,-47.76,0,0,30,0
16:25:50,47.59,0.00,-47.59,0,0,30,0
16:26:00,47.84,0.00,-47.84,0,0,30,0
16:26:10,48.29,0.00,-48.29,0,0,30,0
16:26:20,48.26,0.00,-48.26,0,0,30,0
16:26:30,48.66,0.00,-48.66,0,0,30,0
16:26:40,48.76,0.00,-48.76,0,0,30,0
16:26:50,48.96,0.00,-48.96,0,0,30,0
16:27:00,49.26,0.00,-49.26,0,0,30,0
16:27:11,49.08,0.00,-49.08,0,0,30,0
16:27:21,49.36,0.00,-49.36,0,0,30,0
16:27:31,49.66,0.00,-49.66,0,0,30,0
16:27:41,49.78,0.00,-49.78,0,0,30,0
16:27:51,49.96,0.00,-49.96,0,0,30,0
16:28:01,50.03,0.00,-50.03,0,0,30,0
16:28:12,50.41,0.00,-50.41,0,0,30,0
16:28:22,50.43,0.00,-50.43,0,0,30,0
16:28:32,50.73,0.00,-50.73,0,0,30,0
16:28:42,50.96,0.00,-50.96,0,0,30,0
16:28:52,51.03,0.00,-51.03,0,0,30,0
16:29:02,51.33,0.00,-51.33,0,0,30,0
16:29:12,51.31,0.00,-51.31,0,0,30,0
16:29:23,51.61,0.00,-51.61,0,0,30,0
16:29:33,51.76,0.00,-51.76,0,0,30,0
16:29:43,52.26,0.00,-52.26,0,0,30,0
16:29:53,52.38,0.00,-52.38,0,0,30,0
16:30:03,52.33,0.00,-52.33,0,0,30,0
16:30:13,52.86,0.00,-52.86,0,0,30,0
16:30:24,52.91,0.00,-52.91,0,0,30,0
16:30:34,53.06,0.00,-53.06,0,0,30,0
16:30:44,53.31,0.00,-53.31,0,0,30,0
16:30:54,53.36,0.00,-53.36,0,0,30,0
16:31:04,53.48,0.00,-53.48,0,0,30,0
16:31:14,53.71,0.00,-53.71,0,0,30,0
16:31:24,53.73,0.00,-53.73,0,0,30,0
16:31:35,54.18,0.00,-54.18,0,0,30,0
16:31:45,54.33,0.00,-54.33,0,0,30,0
16:31:55,54.51,0.00,-54.51,0,0,30,0
16:32:05,54.66,0.00,-54.66,0,0,30,0
16:32:15,55.11,0.00,-55.11,0,0,30,0
16:32:26,54.96,0.00,-54.96,0,0,30,0
16:32:36,55.26,0.00,-55.26,0,0,30,0
16:32:46,55.38,0.00,-55.38,0,0,30,0
16:32:56,55.71,0.00,-55.71,0,0,30,0
16:33:06,55.83,0.00,-55.83,0,0,30,0
16:33:16,55.76,0.00,-55.76,0,0,30,0
16:33:27,56.06,0.00,-56.06,0,0,30,0
16:33:38,56.43,0.00,-56.43,0,0,30,0
16:33:48,56.53,0.00,-56.53,0,0,30,0
16:33:58,56.66,0.00,-56.66,0,0,30,0
16:34:08,56.91,0.00,-56.91,0,0,30,0
16:34:18,57.13,0.00,-57.13,0,0,30,0
16:34:30,57.01,0.00,-57.01,0,0,30,0
16:34:40,57.53,0.00,-57.53,0,0,30,0
16:34:50,57.53,0.00,-57.53,0,0,30,0
16:35:01,57.76,0.00,-57.76,0,0,30,0
16:35:11,58.01,0.00,-58.01,0,0,30,0
16:35:21,58.26,0.00,-58.26,0,0,30,0
16:35:31,58.53,0.00,-58.53,0,0,30,0
16:35:41,58.56,0.00,-58.56,0,0,30,0
16:35:51,58.86,0.00,-58.86,0,0,30,0
16:36:03,58.73,0.00,-58.73,0,0,30,0
16:36:13,58.96,0.00,-58.96,0,0,30,0
16:36:23,59.16,0.00,-59.16,0,0,30,0
16:36:33,59.48,0.00,-59.48,0,0,30,0
16:36:43,59.60,0.00,-59.60,0,0,30,0
16:36:54,59.63,0.00,-59.63,0,0,30,0
16:37:04,59.80,0.00,-59.80,0,0,30,0
16:37:14,60.23,0.00,-60.23,0,0,30,0
16:37:25,60.25,0.00,-60.25,0,0,30,0
16:37:35,60.40,0.00,-60.40,0,0,30,0
16:37:45,60.83,0.00,-60.83,0,0,30,0
16:37:56,60.80,0.00,-60.80,0,0,30,0
16:38:06,60.93,0.00,-60.93,0,0,30,0
16:38:17,61.08,0.00,-61.08,0,0,30,0
16:38:27,61.25,0.00,-61.25,0,0,30,0
16:38:37,61.30,0.00,-61.30,0,0,30,0
16:38:47,61.73,0.00,-61.73,0,0,30,0
16:38:57,61.83,0.00,-61.83,0,0,30,0
16:39:08,62.08,0.00,-62.08,0,0,30,0
16:39:18,61.90,0.00,-61.90,0,0,30,0
16:39:29,62.18,0.00,-62.18,0,0,30,0
16:39:39,62.18,0.00,-62.18,0,0,30,0
16:39:49,62.78,0.00,-62.78,0,0,30,0
16:39:59,62.63,0.00,-62.63,0,0,30,0
16:40:09,63.08,0.00,-63.08,0,0,30,0
16:40:20,63.05,0.00,-63.05,0,0,30,0
16:40:30,63.18,0.00,-63.18,0,0,30,0
16:40:40,63.20,0.00,-63.20,0,0,30,0
16:40:50,63.48,0.00,-63.48,0,0,30,0
16:41:00,63.68,0.00,-63.68,0,0,30,0
16:41:10,64.08,0.00,-64.08,0,0,30,0
16:41:20,63.95,0.00,-63.95,0,0,30,0
16:41:31,64.25,0.00,-64.25,0,0,30,0
16:41:41,64.33,0.00,-64.33,0,0,30,0
16:41:52,64.48,0.00,-64.48,0,0,30,0
16:42:02,64.65,0.00,-64.65,0,0,30,0
16:42:12,64.78,0.00,-64.78,0,0,30,0
16:42:22,64.78,0.00,-64.78,0,0,30,0
16:42:32,65.25,0.00,-65.25,0,0,30,0
16:42:43,65.30,0.00,-65.30,0,0,30,0
16:42:53,65.43,0.00,-65.43,0,0,30,0
16:43:03,65.80,0.00,-65.80,0,0,30,0
16:43:13,65.90,0.00,-65.90,0,0,30,0
16:43:23,66.20,0.00,-66.20,0,0,30,0
16:43:33,66.45,0.00,-66.45,0,0,30,0
16:43:43,66.68,0.00,-66.68,0,0,30,0
16:43:53,66.40,0.00,-66.40,0,0,30,0
16:44:03,66.73,0.00,-66.73,0,0,30,0
16:44:14,66.92,0.00,-66.92,0,0,30,0
16:44:24,67.05,0.00,-67.05,0,0,30,0
16:44:34,67.17,0.00,-67.17,0,0,30,0
16:44:44,67.00,0.00,-67.00,0,0,30,0
16:44:54,67.40,0.00,-67.40,0,0,30,0
16:45:04,67.32,0.00,-67.32,0,0,30,0
16:45:14,67.70,0.00,-67.70,0,0,30,0
16:45:24,67.77,0.00,-67.77,0,0,30,0
16:45:35,68.07,0.00,-68.07,0,0,30,0
16:45:45,68.10,0.00,-68.10,0,0,30,0
16:45:55,68.27,0.00,-68.27,0,0,30,0
16:46:05,68.62,0.00,-68.62,0,0,30,0
16:46:15,68.52,0.00,-68.52,0,0,30,0
16:46:25,68.80,0.00,-68.80,0,0,30,0
16:46:35,68.95,0.00,-68.95,0,0,30,0
16:46:45,69.05,0.00,-69.05,0,0,30,0
16:46:56,69.15,0.00,-69.15,0,0,30,0
16:47:06,69.35,0.00,-69.35,0,0,30,0
16:47:16,69.15,0.00,-69.15,0,0,30,0
16:47:26,69.17,0.00,-69.17,0,0,30,0
16:47:36,69.52,0.00,-69.52,0,0,30,0
16:47:46,69.57,0.00,-69.57,0,0,30,0
16:47:56,69.80,0.00,-69.80,0,0,30,0
16:48:07,69.92,0.00,-69.92,0,0,30,0
16:48:17,69.75,0.00,-69.75,0,0,30,0
16:48:27,70.17,0.00,-70.17,0,0,30,0
16:48:37,70.35,0.00,-70.35,0,0,30,0
16:48:47,70.60,0.00,-70.60,0,0,30,0
16:48:57,70.47,0.00,-70.47,0,0,30,0
16:49:07,70.87,0.00,-70.87,0,0,30,0
16:49:18,70.72,0.00,-70.72,0,0,30,0
16:49:28,71.00,0.00,-71.00,0,0,30,0
16:49:38,70.97,0.00,-70.97,0,0,30,0
16:49:48,71.15,0.00,-71.15,0,0,30,0
16:49:58,71.47,0.00,-71.47,0,0,30,0
16:50:08,71.45,0.00,-71.45,0,0,30,0
16:50:18,71.72,0.00,-71.72,0,0,30,0
16:50:29,71.72,0.00,-71.72,0,0,30,0
16:50:39,71.77,0.00,-71.77,0,0,30,0
16:50:50,71.74,0.00,-71.74,0,0,30,0
16:51:00,71.77,0.00,-71.77,0,0,30,0
16:51:10,71.92,0.00,-71.92,0,0,30,0
16:51:20,72.14,0.00,-72.14,0,0,30,0
16:51:31,72.49,0.00,-72.49,0,0,30,0
16:51:41,72.37,0.00,-72.37,0,0,30,0
16:51:51,72.54,0.00,-72.54,0,0,30,0
16:52:01,72.84,0.00,-72.84,0,0,30,0
16:52:11,72.97,0.00,-72.97,0,0,30,0
16:52:21,72.92,0.00,-72.92,0,0,30,0
16:52:31,72.99,0.00,-72.99,0,0,30,0
16:52:41,72.99,0.00,-72.99,0,0,30,0
16:52:52,73.04,0.00,-73.04,0,0,30,0
16:53:02,73.19,0.00,-73.19,0,0,30,0
16:53:12,73.32,0.00,-73.32,0,0,30,0
16:53:22,73.14,0.00,-73.14,0,0,30,0
16:53:32,73.42,0.00,-73.42,0,0,30,0
16:53:43,73.97,0.00,-73.97,0,0,30,0
16:53:53,73.71,0.00,-73.71,0,0,30,0
16:54:03,73.59,0.00,-73.59,0,0,30,0
16:54:13,73.91,0.00,-73.91,0,0,30,0
16:54:23,73.59,0.00,-73.59,0,0,30,0
16:54:33,74.06,0.00,-74.06,0,0,30,0
16:54:43,74.21,0.00,-74.21,0,0,30,0
16:54:53,74.36,0.00,-74.36,0,0,30,0
16:55:03,74.26,0.00,-74.26,0,0,30,0
16:55:14,74.34,0.00,-74.34,0,0,30,0
16:55:24,74.19,0.00,-74.19,0,0,30,0
16:55:34,74.49,0.00,-74.49,0,0,30,0
16:55:44,74.54,0.00,-74.54,0,0,30,0
16:55:54,74.11,0.00,-74.11,0,0,30,0
16:56:04,75.04,0.00,-75.04,0,0,30,0
16:56:14,75.16,0.00,-75.16,0,0,30,0
16:56:24,75.46,0.00,-75.46,0,0,30,0
16:56:35,75.61,0.00,-75.61,0,0,30,0
16:56:45,75.59,0.00,-75.59,0,0,30,0
16:56:55,75.84,0.00,-75.84,0,0,30,0
16:57:05,75.71,0.00,-75.71,0,0,30,0
16:57:15,75.88,0.00,-75.88,0,0,30,0
16:57:25,75.98,0.00,-75.98,0,0,30,0
16:57:36,75.01,0.00,-75.01,0,0,30,0
16:57:46,75.58,0.00,-75.58,0,0,30,0
16:57:56,76.18,0.00,-76.18,0,0,30,0
16:58:06,76.61,0.00,-76.61,0,0,30,0
16:58:16,76.61,0.00,-76.61,0,0,30,0
16:58:26,75.88,0.00,-75.88,0,0,30,0
16:58:36,76.71,0.00,-76.71,0,0,30,0
16:58:47,76.78,0.00,-76.78,0,0,30,0
16:58:57,76.83,0.00,-76.83,0,0,30,0
16:59:07,76.93,0.00,-76.93,0,0,30,0
16:59:17,76.86,0.00,-76.86,0,0,30,0
16:59:27,77.33,0.00,-77.33,0,0,30,0
16:59:37,77.43,0.00,-77.43,0,0,30,0
16:59:47,76.58,0.00,-76.58,0,0,30,0
16:59:58,77.58,0.00,-77.58,0,0,30,0
17:00:08,77.48,0.00,-77.48,0,0,30,0
17:00:18,77.48,0.00,-77.48,0,0,30,0
17:00:28,77.31,0.00,-77.31,0,0,30,0
17:00:38,77.30,0.00,-77.30,0,0,30,0
17:00:48,77.18,0.00,-77.18,0,0,30,0
17:00:58,77.45,0.00,-77.45,0,0,30,0
17:01:08,76.25,0.00,-76.25,0,0,30,0
17:01:19,76.68,0.00,-76.68,0,0,30,0
17:01:29,76.55,0.00,-76.55,0,0,30,0
17:01:39,77.75,0.00,-77.75,0,0,30,0
17:01:49,77.58,0.00,-77.58,0,0,30,0
17:01:59,77.63,0.00,-77.63,0,0,30,0
17:02:09,77.88,0.00,-77.88,0,0,30,0
17:02:19,77.70,0.00,-77.70,0,0,30,0
17:02:29,77.85,0.00,-77.85,0,0,30,0
17:02:40,77.78,0.00,-77.78,0,0,30,0
17:02:50,77.85,0.00,-77.85,0,0,30,0
17:03:00,76.90,0.00,-76.90,0,0,30,0
17:03:10,77.05,0.00,-77.05,0,0,30,0
17:03:20,77.95,0.00,-77.95,0,0,30,0
17:03:30,78.25,0.00,-78.25,0,0,30,0
17:03:40,78.00,0.00,-78.00,0,0,30,0
17:03:51,78.58,0.00,-78.58,0,0,30,0
17:04:01,78.67,0.00,-78.67,0,0,30,0
17:04:11,78.55,0.00,-78.55,0,0,30,0
17:04:21,78.40,0.00,-78.40,0,0,30,0
17:04:31,78.12,0.00,-78.12,0,0,30,0
17:04:41,78.05,0.00,-78.05,0,0,30,0
17:04:52,78.40,0.00,-78.40,0,0,30,0
17:05:02,78.57,0.00,-78.57,0,0,30,0
17:05:12,78.77,0.00,-78.77,0,0,30,0
17:05:22,78.67,0.00,-78.67,0,0,30,0
17:05:32,78.95,0.00,-78.95,0,0,30,0
17:05:43,79.02,0.00,-79.02,0,0,30,0
17:05:53,79.02,0.00,-79.02,0,0,30,0
17:06:03,79.30,0.00,-79.30,0,0,30,0
17:06:14,79.15,0.00,-79.15,0,0,30,0
17:06:24,79.07,0.00,-79.07,0,0,30,0
17:06:34,79.27,0.00,-79.27,0,0,30,0
17:06:44,77.87,0.00,-77.87,0,0,30,0
17:06:54,79.47,0.00,-79.47,0,0,30,0
17:07:04,79.52,0.00,-79.52,0,0,30,0
17:07:15,77.92,0.00,-77.92,0,0,30,0
17:07:25,79.50,0.00,-79.50,0,0,30,0
17:07:35,79.77,0.00,-79.77,0,0,30,0
17:07:45,79.94,0.00,-79.94,0,0,30,0
17:07:55,80.17,0.00,-80.17,0,0,30,0
17:08:05,80.17,0.00,-80.17,0,0,30,0
17:08:15,80.39,0.00,-80.39,0,0,30,0
17:08:25,77.29,0.00,-77.29,0,0,30,0
17:08:36,80.42,0.00,-80.42,0,0,30,0
17:08:46,80.14,0.00,-80.14,0,0,30,0
17:08:56,77.24,0.00,-77.24,0,0,30,0
17:09:06,78.87,0.00,-78.87,0,0,30,0
17:09:16,80.44,0.00,-80.44,0,0,30,0
17:09:26,80.69,0.00,-80.69,0,0,30,0
17:09:36,80.77,0.00,-80.77,0,0,30,0
17:09:47,80.92,0.00,-80.92,0,0,30,0
17:09:57,81.52,0.00,-81.52,0,0,30,0
17:10:07,81.12,0.00,-81.12,0,0,30,0
17:10:18,79.44,0.00,-79.44,0,0,30,0
17:10:28,81.14,0.00,-81.14,0,0,30,0
17:10:39,81.14,0.00,-81.14,0,0,30,0
17:10:49,81.42,0.00,-81.42,0,0,30,0
17:10:59,81.34,0.00,-81.34,0,0,30,0
17:11:09,81.44,0.00,-81.44,0,0,30,0
17:11:19,79.62,0.00,-79.62,0,0,30,0
17:11:29,81.34,0.00,-81.34,0,0,30,0
17:11:39,80.99,0.00,-80.99,0,0,30,0
17:11:50,81.37,0.00,-81.37,0,0,30,0
17:12:00,79.64,0.00,-79.64,0,0,30,0
17:12:10,81.34,0.00,-81.34,0,0,30,0
17:12:20,77.79,0.00,-77.79,0,0,30,0
17:12:30,81.31,0.00,-81.31,0,0,30,0
17:12:40,81.59,0.00,-81.59,0,0,30,0
17:12:50,81.71,0.00,-81.71,0,0,30,0
17:13:01,80.29,0.00,-80.29,0,0,30,0
17:13:11,81.91,0.00,-81.91,0,0,30,0
17:13:21,80.39,0.00,-80.39,0,0,30,0
17:13:31,82.56,0.00,-82.56,0,0,30,0
17:13:41,80.56,0.00,-80.56,0,0,30,0
17:13:51,82.39,0.00,-82.39,0,0,30,0
17:14:01,82.41,0.00,-82.41,0,0,30,0
17:14:11,81.99,0.00,-81.99,0,0,30,0
17:14:22,80.04,0.00,-80.04,0,0,30,0
17:14:32,79.96,0.00,-79.96,0,0,30,0
17:14:42,82.09,0.00,-82.09,0,0,30,0
17:14:52,80.09,0.00,-80.09,0,0,30,0
17:15:02,82.24,0.00,-82.24,0,0,30,0
17:15:12,82.36,0.00,-82.36,0,0,30,0
17:15:22,82.54,0.00,-82.54,0,0,30,0
17:15:33,83.06,0.00,-83.06,0,0,30,0
17:15:43,82.76,0.00,-82.76,0,0,30,0
17:15:53,82.81,0.00,-82.81,0,0,30,0
17:16:03,83.26,0.00,-83.26,0,0,30,0
17:16:13,83.41,0.00,-83.41,0,0,30,0
17:16:23,83.64,0.00,-83.64,0,0,30,0
17:16:33,83.74,0.00,-83.74,0,0,30,0
17:16:43,83.69,0.00,-83.69,0,0,30,0
17:16:53,83.86,0.00,-83.86,0,0,30,0
17:17:04,83.61,0.00,-83.61,0,0,30,0
17:17:14,83.78,0.00,-83.78,0,0,30,0
17:17:25,83.63,0.00,-83.63,0,0,30,0
17:17:35,83.71,0.00,-83.71,0,0,30,0
17:17:45,83.93,0.00,-83.93,0,0,30,0
17:17:55,83.61,0.00,-83.61,0,0,30,0
17:18:05,83.98,0.00,-83.98,0,0,30,0
17:18:16,83.91,0.00,-83.91,0,0,30,0
17:18:26,83.83,0.00,-83.83,0,0,30,0
17:18:36,81.81,0.00,-81.81,0,0,30,0
17:18:46,81.91,0.00,-81.91,0,0,30,0
17:18:56,81.53,0.00,-81.53,0,0,30,0
17:19:07,83.13,0.00,-83.13,0,0,30,0
17:19:17,83.11,0.00,-83.11,0,0,30,0
17:19:27,83.18,0.00,-83.18,0,0,30,0
17:19:37,82.73,0.00,-82.73,0,0,30,0
17:19:47,80.58,0.00,-80.58,0,0,30,0
17:19:57,80.86,0.00,-80.86,0,0,30,0
17:20:08,81.03,0.00,-81.03,0,0,30,0
17:20:18,83.63,0.00,-83.63,0,0,30,0
17:20:28,83.68,0.00,-83.68,0,0,30,0
17:20:38,83.86,0.00,-83.86,0,0,30,0
17:20:48,83.96,0.00,-83.96,0,0,30,0
17:20:59,84.43,0.00,-84.43,0,0,30,0
17:21:09,84.21,0.00,-84.21,0,0,30,0
17:21:19,82.33,0.00,-82.33,0,0,30,0
17:21:29,84.48,0.00,-84.48,0,0,30,0
17:21:39,84.58,0.00,-84.58,0,0,30,0
17:21:49,84.38,0.00,-84.38,0,0,30,0
17:21:59,84.63,0.00,-84.63,0,0,30,0
17:22:09,84.78,0.00,-84.78,0,0,30,0
17:22:20,82.93,0.00,-82.93,0,0,30,0
17:22:30,85.10,0.00,-85.10,0,0,30,0
17:22:40,84.95,0.00,-84.95,0,0,30,0
17:22:50,85.18,0.00,-85.18,0,0,30,0
17:23:00,85.08,0.00,-85.08,0,0,30,0
17:23:10,85.13,0.00,-85.13,0,0,30,0
17:23:20,85.25,0.00,-85.25,0,0,30,0
17:23:30,85.05,0.00,-85.05,0,0,30,0
17:23:41,85.18,0.00,-85.18,0,0,30,0
17:23:51,85.75,0.00,-85.75,0,0,30,0
17:24:01,85.58,0.00,-85.58,0,0,30,0
17:24:11,83.43,0.00,-83.43,0,0,30,0
17:24:21,85.48,0.00,-85.48,0,0,30,0
17:24:31,85.55,0.00,-85.55,0,0,30,0
17:24:41,85.35,0.00,-85.35,0,0,30,0
17:24:51,83.23,0.00,-83.23,0,0,30,0
17:25:02,83.13,0.00,-83.13,0,0,30,0
17:25:12,85.23,0.00,-85.23,0,0,30,0
17:25:22,85.40,0.00,-85.40,0,0,30,0
17:25:32,85.55,0.00,-85.55,0,0,30,0
17:25:42,85.58,0.00,-85.58,0,0,30,0
17:25:52,85.55,0.00,-85.55,0,0,30,0
17:26:02,83.60,0.00,-83.60,0,0,30,0
17:26:13,83.55,0.00,-83.55,0,0,30,0
17:26:23,83.52,0.00,-83.52,0,0,30,0
17:26:33,85.62,0.00,-85.62,0,0,30,0
17:26:43,84.00,0.00,-84.00,0,0,30,0
17:26:53,85.75,0.00,-85.75,0,0,30,0
17:27:03,84.17,0.00,-84.17,0,0,30,0
17:27:13,86.15,0.00,-86.15,0,0,30,0
17:27:24,86.10,0.00,-86.10,0,0,30,0
17:27:34,84.07,0.00,-84.07,0,0,30,0
17:27:44,86.10,0.00,-86.10,0,0,30,0
17:27:54,86.27,0.00,-86.27,0,0,30,0
17:28:04,85.92,0.00,-85.92,0,0,30,0
17:28:14,86.15,0.00,-86.15,0,0,30,0
17:28:24,86.15,0.00,-86.15,0,0,30,0
17:28:35,86.25,0.00,-86.25,0,0,30,0
17:28:45,86.10,0.00,-86.10,0,0,30,0
17:28:55,83.95,0.00,-83.95,0,0,30,0
17:29:05,86.10,0.00,-86.10,0,0,30,0
17:29:15,79.85,0.00,-79.85,0,0,30,0
17:29:25,85.82,0.00,-85.82,0,0,30,0
17:29:36,85.77,0.00,-85.77,0,0,30,0
17:29:47,85.90,0.00,-85.90,0,0,30,0
17:29:57,86.20,0.00,-86.20,0,0,30,0
17:30:07,84.00,0.00,-84.00,0,0,30,0
17:30:17,86.10,0.00,-86.10,0,0,30,0
17:30:27,86.37,0.00,-86.37,0,0,30,0
17:30:37,86.30,0.00,-86.30,0,0,30,0
17:30:48,86.52,0.00,-86.52,0,0,30,0
17:30:58,84.25,0.00,-84.25,0,0,30,0
17:31:08,86.74,0.00,-86.74,0,0,30,0
17:31:18,86.79,0.00,-86.79,0,0,30,0
17:31:28,86.77,0.00,-86.77,0,0,30,0
17:31:38,86.84,0.00,-86.84,0,0,30,0
17:31:48,84.82,0.00,-84.82,0,0,30,0
17:31:59,87.12,0.00,-87.12,0,0,30,0
17:32:09,87.27,0.00,-87.27,0,0,30,0
17:32:19,87.22,0.00,-87.22,0,0,30,0
17:32:29,85.39,0.00,-85.39,0,0,30,0
17:32:39,87.49,0.00,-87.49,0,0,30,0
17:32:49,87.52,0.00,-87.52,0,0,30,0
17:33:00,87.09,0.00,-87.09,0,0,30,0
17:33:10,87.19,0.00,-87.19,0,0,30,0
17:33:21,87.14,0.00,-87.14,0,0,30,0
17:33:31,87.29,0.00,-87.29,0,0,30,0
17:33:41,87.19,0.00,-87.19,0,0,30,0
17:33:51,87.02,0.00,-87.02,0,0,30,0
17:34:01,86.74,0.00,-86.74,0,0,30,0
17:34:11,82.49,0.00,-82.49,0,0,30,0
17:34:21,86.77,0.00,-86.77,0,0,30,0
17:34:32,86.82,0.00,-86.82,0,0,30,0
17:34:42,86.79,0.00,-86.79,0,0,30,0
17:34:52,86.79,0.00,-86.79,0,0,30,0
17:35:02,86.82,0.00,-86.82,0,0,30,0
17:35:12,86.79,0.00,-86.79,0,0,30,0
17:35:22,84.46,0.00,-84.46,0,0,30,0
17:35:32,84.41,0.00,-84.41,0,0,30,0
17:35:43,86.79,0.00,-86.79,0,0,30,0
17:35:53,86.61,0.00,-86.61,0,0,30,0
17:36:03,86.69,0.00,-86.69,0,0,30,0
17:36:13,86.74,0.00,-86.74,0,0,30,0
17:36:23,86.69,0.00,-86.69,0,0,30,0
17:36:33,86.71,0.00,-86.71,0,0,30,0
17:36:44,86.59,0.00,-86.59,0,0,30,0
17:36:54,86.84,0.00,-86.84,0,0,30,0
17:37:04,86.84,0.00,-86.84,0,0,30,0
17:37:14,86.84,0.00,-86.84,0,0,30,0
17:37:24,86.81,0.00,-86.81,0,0,30,0
17:37:34,86.76,0.00,-86.76,0,0,30,0
17:37:46,87.21,0.00,-87.21,0,0,30,0
17:37:56,87.31,0.00,-87.31,0,0,30,0
17:38:06,87.31,0.00,-87.31,0,0,30,0
17:38:16,87.49,0.00,-87.49,0,0,30,0
17:38:27,87.36,0.00,-87.36,0,0,30,0
17:38:37,87.54,0.00,-87.54,0,0,30,0
17:38:47,87.64,0.00,-87.64,0,0,30,0
17:38:57,87.76,0.00,-87.76,0,0,30,0
17:39:07,87.84,0.00,-87.84,0,0,30,0
17:39:17,87.64,0.00,-87.64,0,0,30,0
17:39:28,87.79,0.00,-87.79,0,0,30,0
17:39:39,85.44,0.00,-85.44,0,0,30,0
17:39:49,87.93,0.00,-87.93,0,0,30,0
17:39:59,87.86,0.00,-87.86,0,0,30,0
17:40:09,87.98,0.00,-87.98,0,0,30,0
17:40:19,87.58,0.00,-87.58,0,0,30,0
17:40:29,87.68,0.00,-87.68,0,0,30,0
17:40:39,87.78,0.00,-87.78,0,0,30,0
17:40:50,87.88,0.00,-87.88,0,0,30,0
17:41:00,87.98,0.00,-87.98,0,0,30,0
17:41:10,88.11,0.00,-88.11,0,0,30,0
17:41:20,86.13,0.00,-86.13,0,0,30,0
17:41:30,85.88,0.00,-85.88,0,0,30,0
17:41:40,88.26,0.00,-88.26,0,0,30,0
17:41:50,88.11,0.00,-88.11,0,0,30,0
17:42:00,88.38,0.00,-88.38,0,0,30,0
17:42:11,88.38,0.00,-88.38,0,0,30,0
17:42:21,88.43,0.00,-88.43,0,0,30,0
17:42:31,88.28,0.00,-88.28,0,0,30,0
17:42:41,88.33,0.00,-88.33,0,0,30,0
17:42:51,88.51,0.00,-88.51,0,0,30,0
17:43:01,88.56,0.00,-88.56,0,0,30,0
17:43:12,88.51,0.00,-88.51,0,0,30,0
17:43:22,86.21,0.00,-86.21,0,0,30,0
17:43:32,88.38,0.00,-88.38,0,0,30,0
17:43:42,88.48,0.00,-88.48,0,0,30,0
17:43:52,88.51,0.00,-88.51,0,0,30,0
17:44:02,88.71,0.00,-88.71,0,0,30,0
17:44:12,88.61,0.00,-88.61,0,0,30,0
17:44:23,88.76,0.00,-88.76,0,0,30,0
17:44:33,88.45,0.00,-88.45,0,0,30,0
17:44:43,88.50,0.00,-88.50,0,0,30,0
17:44:53,88.38,0.00,-88.38,0,0,30,0
17:45:03,86.05,0.00,-86.05,0,0,30,0
17:45:13,86.10,0.00,-86.10,0,0,30,0
17:45:23,86.08,0.00,-86.08,0,0,30,0
17:45:34,88.43,0.00,-88.43,0,0,30,0
17:45:44,88.45,0.00,-88.45,0,0,30,0
17:45:54,88.13,0.00,-88.13,0,0,30,0
17:46:04,87.95,0.00,-87.95,0,0,30,0
17:46:14,87.75,0.00,-87.75,0,0,30,0
17:46:24,85.15,0.00,-85.15,0,0,30,0
17:46:35,87.78,0.00,-87.78,0,0,30,0
17:46:45,87.73,0.00,-87.73,0,0,30,0
17:46:55,88.05,0.00,-88.05,0,0,30,0
17:47:05,88.03,0.00,-88.03,0,0,30,0
17:47:15,88.20,0.00,-88.20,0,0,30,0
17:47:25,85.80,0.00,-85.80,0,0,30,0
17:47:35,88.48,0.00,-88.48,0,0,30,0
17:47:46,83.25,0.00,-83.25,0,0,30,0
17:47:58,88.53,0.00,-88.53,0,0,30,0
17:48:08,88.50,0.00,-88.50,0,0,30,0
17:48:18,88.48,0.00,-88.48,0,0,30,0
17:48:29,88.30,0.00,-88.30,0,0,0,0
17:48:39,88.75,0.00,-88.75,0,0,0,0
17:48:49,88.18,0.00,-88.18,0,0,0,0
17:48:59,88.30,0.00,-88.30,0,0,0,0
17:49:09,88.50,0.00,-88.50,0,0,0,0
17:49:19,88.22,0.00,-88.22,0,0,0,0
17:49:29,88.02,0.00,-88.02,0,0,0,0
17:49:39,85.85,0.00,-85.85,0,0,0,0
17:49:50,85.57,0.00,-85.57,0,0,0,0
17:50:00,85.62,0.00,-85.62,0,0,0,0
17:50:10,85.47,0.00,-85.47,0,0,0,0
17:50:20,88.12,0.00,-88.12,0,0,0,0
17:50:30,88.12,0.00,-88.12,0,0,0,0
17:50:40,88.17,0.00,-88.17,0,0,0,0
17:50:51,88.42,0.00,-88.42,0,0,0,0
17:51:01,88.30,0.00,-88.30,0,0,0,0
17:51:12,83.30,0.00,-83.30,0,0,0,0
17:51:22,88.35,0.00,-88.35,0,0,0,0
17:51:32,88.27,0.00,-88.27,0,0,0,0
17:51:42,88.72,0.00,-88.72,0,0,0,0
17:51:52,88.55,0.00,-88.55,0,0,0,0
17:52:02,88.20,0.00,-88.20,0,0,0,0
17:52:13,88.47,0.00,-88.47,0,0,0,0
17:52:23,83.82,0.00,-83.82,0,0,0,0
17:52:33,86.05,0.00,-86.05,0,0,0,0
17:52:43,85.97,0.00,-85.97,0,0,0,0
17:52:53,88.50,0.00,-88.50,0,0,0,0
17:53:03,88.50,0.00,-88.50,0,0,0,0
17:53:14,88.27,0.00,-88.27,0,0,0,0
17:53:24,88.37,0.00,-88.37,0,0,0,0
17:53:34,88.32,0.00,-88.32,0,0,0,0
17:53:44,88.37,0.00,-88.37,0,0,0,0
17:53:54,88.22,0.00,-88.22,0,0,0,0
17:54:04,85.87,0.00,-85.87,0,0,0,0
17:54:14,88.29,0.00,-88.29,0,0,0,0
17:54:25,88.37,0.00,-88.37,0,0,0,0
17:54:35,88.17,0.00,-88.17,0,0,0,0
17:54:45,88.29,0.00,-88.29,0,0,0,0
17:54:55,88.02,0.00,-88.02,0,0,0,0
17:55:05,88.02,0.00,-88.02,0,0,0,0
17:55:15,85.62,0.00,-85.62,0,0,0,0
17:55:25,88.14,0.00,-88.14,0,0,0,0
17:55:36,85.82,0.00,-85.82,0,0,0,0
17:55:46,88.19,0.00,-88.19,0,0,0,0
17:55:56,85.72,0.00,-85.72,0,0,0,0
17:56:06,85.67,0.00,-85.67,0,0,0,0
17:56:16,87.77,0.00,-87.77,0,0,0,0
17:56:26,87.84,0.00,-87.84,0,0,0,0
17:56:37,85.47,0.00,-85.47,0,0,0,0
17:56:47,87.77,0.00,-87.77,0,0,0,0
17:56:57,85.37,0.00,-85.37,0,0,0,0
17:57:07,87.79,0.00,-87.79,0,0,0,0
17:57:18,87.54,0.00,-87.54,0,0,0,0
17:57:28,87.52,0.00,-87.52,0,0,0,0
17:57:38,87.64,0.00,-87.64,0,0,0,0
17:57:48,87.22,0.00,-87.22,0,0,0,0
17:57:58,82.67,0.00,-82.67,0,0,0,0
17:58:08,87.14,0.00,-87.14,0,0,0,0
17:58:18,87.39,0.00,-87.39,0,0,0,0
17:58:29,87.36,0.00,-87.36,0,0,0,0
17:58:39,87.31,0.00,-87.31,0,0,0,0
17:58:49,87.21,0.00,-87.21,0,0,0,0
17:58:59,82.46,0.00,-82.46,0,0,0,0
17:59:09,86.96,0.00,-86.96,0,0,0,0
17:59:19,87.16,0.00,-87.16,0,0,0,0
17:59:29,84.31,0.00,-84.31,0,0,0,0
17:59:39,86.69,0.00,-86.69,0,0,0,0
17:59:50,86.54,0.00,-86.54,0,0,0,0
18:00:00,86.49,0.00,-86.49,0,0,0,0
18:00:10,86.51,0.00,-86.51,0,0,0,0
18:00:20,86.24,0.00,-86.24,0,0,0,0
18:00:30,83.86,0.00,-83.86,0,0,0,0
18:00:40,86.21,0.00,-86.21,0,0,0,0
18:00:50,86.24,0.00,-86.24,0,0,0,0
18:01:01,86.01,0.00,-86.01,0,0,0,0
18:01:11,86.21,0.00,-86.21,0,0,0,0
18:01:21,86.09,0.00,-86.09,0,0,0,0
18:01:31,85.81,0.00,-85.81,0,0,0,0
18:01:41,85.46,0.00,-85.46,0,0,0,0
18:01:52,85.76,0.00,-85.76,0,0,0,0
18:02:02,82.86,0.00,-82.86,0,0,0,0
18:02:12,85.24,0.00,-85.24,0,0,0,0
18:02:23,85.26,0.00,-85.26,0,0,0,0
18:02:33,85.06,0.00,-85.06,0,0,0,0
18:02:43,85.14,0.00,-85.14,0,0,0,0
18:02:53,84.89,0.00,-84.89,0,0,0,0
18:03:03,84.79,0.00,-84.79,0,0,0,0
18:03:13,84.56,0.00,-84.56,0,0,0,0
18:03:23,84.61,0.00,-84.61,0,0,0,0
18:03:34,84.16,0.00,-84.16,0,0,0,0
18:03:44,84.13,0.00,-84.13,0,0,0,0
18:03:54,81.91,0.00,-81.91,0,0,0,0
18:04:04,81.71,0.00,-81.71,0,0,0,0
18:04:14,83.81,0.00,-83.81,0,0,0,0
18:04:24,83.93,0.00,-83.93,0,0,0,0
18:04:34,83.73,0.00,-83.73,0,0,0,0
18:04:44,83.66,0.00,-83.66,0,0,0,0
18:04:55,83.38,0.00,-83.38,0,0,0,0
18:05:05,83.31,0.00,-83.31,0,0,0,0
18:05:15,83.31,0.00,-83.31,0,0,0,0
18:05:25,80.78,0.00,-80.78,0,0,0,0
18:05:35,80.38,0.00,-80.38,0,0,0,0
18:05:45,83.13,0.00,-83.13,0,0,0,0
18:05:55,82.78,0.00,-82.78,0,0,0,0
18:06:06,82.68,0.00,-82.68,0,0,0,0
18:06:16,82.51,0.00,-82.51,0,0,0,0
18:06:26,82.28,0.00,-82.28,0,0,0,0
18:06:36,82.11,0.00,-82.11,0,0,0,0
18:06:46,82.01,0.00,-82.01,0,0,0,0
18:06:56,77.16,0.00,-77.16,0,0,0,0
18:07:07,81.73,0.00,-81.73,0,0,0,0
18:07:17,81.48,0.00,-81.48,0,0,0,0
18:07:27,81.58,0.00,-81.58,0,0,0,0
18:07:37,81.28,0.00,-81.28,0,0,0,0
18:07:47,80.95,0.00,-80.95,0,0,0,0
18:07:57,80.90,0.00,-80.90,0,0,0,0
18:08:07,80.55,0.00,-80.55,0,0,0,0
18:08:18,80.43,0.00,-80.43,0,0,0,0
18:08:28,77.88,0.00,-77.88,0,0,0,0
18:08:38,78.05,0.00,-78.05,0,0,0,0
18:08:48,77.93,0.00,-77.93,0,0,0,0
18:08:58,80.10,0.00,-80.10,0,0,0,0
18:09:08,80.08,0.00,-80.08,0,0,0,0
18:09:18,79.85,0.00,-79.85,0,0,0,0
18:09:29,79.45,0.00,-79.45,0,0,0,0
18:09:39,79.50,0.00,-79.50,0,0,0,0
18:09:50,77.40,0.00,-77.40,0,0,0,0
18:10:00,79.58,0.00,-79.58,0,0,0,0
18:10:10,79.15,0.00,-79.15,0,0,0,0
18:10:20,79.00,0.00,-79.00,0,0,0,0
18:10:30,79.10,0.00,-79.10,0,0,0,0
18:10:40,78.85,0.00,-78.85,0,0,0,0
18:10:51,78.80,0.00,-78.80,0,0,0,0
18:11:01,78.43,0.00,-78.43,0,0,0,0
18:11:11,78.38,0.00,-78.38,0,0,0,0
18:11:21,78.28,0.00,-78.28,0,0,0,0
18:11:31,76.17,0.00,-76.17,0,0,0,0
18:11:41,78.00,0.00,-78.00,0,0,0,0
18:11:51,77.87,0.00,-77.87,0,0,0,0
18:12:02,77.80,0.00,-77.80,0,0,0,0
18:12:12,77.60,0.00,-77.60,0,0,0,0
18:12:22,77.40,0.00,-77.40,0,0,0,0
18:12:32,77.40,0.00,-77.40,0,0,0,0
18:12:42,77.17,0.00,-77.17,0,0,0,0
18:12:52,77.10,0.00,-77.10,0,0,0,0
18:13:03,76.95,0.00,-76.95,0,0,0,0
18:13:13,76.80,0.00,-76.80,0,0,0,0
18:13:23,74.57,0.00,-74.57,0,0,0,0
18:13:33,76.37,0.00,-76.37,0,0,0,0
18:13:43,72.02,0.00,-72.02,0,0,0,0
18:13:54,73.92,0.00,-73.92,0,0,0,0
18:14:04,75.85,0.00,-75.85,0,0,0,0
18:14:14,75.77,0.00,-75.77,0,0,0,0
18:14:24,75.67,0.00,-75.67,0,0,0,0
18:14:34,73.55,0.00,-73.55,0,0,0,0
18:14:44,73.27,0.00,-73.27,0,0,0,0
18:14:54,75.15,0.00,-75.15,0,0,0,0
18:15:04,74.95,0.00,-74.95,0,0,0,0
18:15:19,74.77,0.00,-74.77,0,0,0,0
18:15:29,74.74,0.00,-74.74,0,0,0,0
18:15:39,72.54,0.00,-72.54,0,0,0,0
18:15:49,74.44,0.00,-74.44,0,0,0,0
18:16:00,74.17,0.00,-74.17,0,0,0,0
18:16:11,72.24,0.00,-72.24,0,0,0,0
18:16:21,72.04,0.00,-72.04,0,0,0,0
18:16:31,73.72,0.00,-73.72,0,0,0,0
18:16:41,73.79,0.00,-73.79,0,0,0,0
18:16:51,73.49,0.00,-73.49,0,0,0,0
18:17:01,73.34,0.00,-73.34,0,0,0,0
18:17:11,73.17,0.00,-73.17,0,0,0,0
18:17:22,70.89,0.00,-70.89,0,0,0,0
18:17:32,72.69,0.00,-72.69,0,0,0,0
18:17:42,72.82,0.00,-72.82,0,0,0,0
18:17:52,72.64,0.00,-72.64,0,0,0,0
18:18:02,72.59,0.00,-72.59,0,0,0,0
18:18:12,70.64,0.00,-70.64,0,0,0,0
18:18:22,72.29,0.00,-72.29,0,0,0,0
18:18:32,72.29,0.00,-72.29,0,0,0,0
18:18:43,72.02,0.00,-72.02,0,0,0,0
18:18:53,71.76,0.00,-71.76,0,0,0,0
18:19:03,71.54,0.00,-71.54,0,0,0,0
18:19:13,71.54,0.00,-71.54,0,0,0,0
18:19:23,71.36,0.00,-71.36,0,0,0,0
18:19:33,69.51,0.00,-69.51,0,0,0,0
18:19:43,71.04,0.00,-71.04,0,0,0,0
18:19:54,69.31,0.00,-69.31,0,0,0,0
18:20:04,70.74,0.00,-70.74,0,0,0,0
18:20:14,70.61,0.00,-70.61,0,0,0,0
18:20:24,70.59,0.00,-70.59,0,0,0,0
18:20:34,70.31,0.00,-70.31,0,0,0,0
18:20:44,70.24,0.00,-70.24,0,0,0,0
18:20:54,68.46,0.00,-68.46,0,0,0,0
18:21:04,69.96,0.00,-69.96,0,0,0,0
18:21:14,69.71,0.00,-69.71,0,0,0,0
18:21:25,69.59,0.00,-69.59,0,0,0,0
18:21:35,69.64,0.00,-69.64,0,0,0,0
18:21:45,69.56,0.00,-69.56,0,0,0,0
18:21:55,69.31,0.00,-69.31,0,0,0,0
18:22:06,69.29,0.00,-69.29,0,0,0,0
18:22:16,69.11,0.00,-69.11,0,0,0,0
18:22:27,68.76,0.00,-68.76,0,0,0,0
18:22:37,68.76,0.00,-68.76,0,0,0,0
18:22:47,68.76,0.00,-68.76,0,0,0,0
18:22:57,68.64,0.00,-68.64,0,0,0,0
18:23:07,66.89,0.00,-66.89,0,0,0,0
18:23:17,65.11,0.00,-65.11,0,0,0,0
18:23:27,68.06,0.00,-68.06,0,0,0,0
18:23:38,68.19,0.00,-68.19,0,0,0,0
18:23:48,67.64,0.00,-67.64,0,0,0,0
18:23:58,67.74,0.00,-67.74,0,0,0,0
18:24:08,67.71,0.00,-67.71,0,0,0,0
18:24:18,67.61,0.00,-67.61,0,0,0,0
18:24:28,67.71,0.00,-67.71,0,0,0,0
18:24:39,67.38,0.00,-67.38,0,0,0,0
18:24:49,65.41,0.00,-65.41,0,0,0,0
18:24:59,65.43,0.00,-65.43,0,0,0,0
18:25:09,66.86,0.00,-66.86,0,0,0,0
18:25:19,65.28,0.00,-65.28,0,0,0,0
18:25:30,66.71,0.00,-66.71,0,0,0,0
18:25:40,66.66,0.00,-66.66,0,0,0,0
18:25:51,64.68,0.00,-64.68,0,0,0,0
18:26:01,64.81,0.00,-64.81,0,0,0,0
18:26:11,64.48,0.00,-64.48,0,0,0,0
18:26:21,65.83,0.00,-65.83,0,0,0,0
18:26:31,65.93,0.00,-65.93,0,0,0,0
18:26:41,65.68,0.00,-65.68,0,0,0,0
18:26:51,64.26,0.00,-64.26,0,0,0,0
18:27:01,65.21,0.00,-65.21,0,0,0,0
18:27:11,62.51,0.00,-62.51,0,0,0,0
18:27:22,65.13,0.00,-65.13,0,0,0,0
18:27:33,63.56,0.00,-63.56,0,0,0,0
18:27:43,63.53,0.00,-63.53,0,0,0,0
18:27:53,64.78,0.00,-64.78,0,0,0,0
18:28:03,64.56,0.00,-64.56,0,0,0,0
18:28:13,64.48,0.00,-64.48,0,0,0,0
18:28:23,63.26,0.00,-63.26,0,0,0,0
18:28:33,64.38,0.00,-64.38,0,0,0,0
18:28:44,64.23,0.00,-64.23,0,0,0,0
18:28:54,64.31,0.00,-64.31,0,0,0,0
18:29:04,64.08,0.00,-64.08,0,0,0,0
18:29:14,64.03,0.00,-64.03,0,0,0,0
18:29:24,62.36,0.00,-62.36,0,0,0,0
18:29:34,63.86,0.00,-63.86,0,0,0,0
18:29:45,63.33,0.00,-63.33,0,0,0,0
18:29:55,63.48,0.00,-63.48,0,0,0,0
18:30:05,63.23,0.00,-63.23,0,0,0,0
18:30:15,63.31,0.00,-63.31,0,0,0,0
18:30:25,63.28,0.00,-63.28,0,0,0,0
18:30:35,62.96,0.00,-62.96,0,0,0,0
18:30:46,62.96,0.00,-62.96,0,0,0,0
18:30:56,62.61,0.00,-62.61,0,0,0,0
18:31:06,61.08,0.00,-61.08,0,0,0,0
18:31:16,62.38,0.00,-62.38,0,0,0,0
18:31:26,62.46,0.00,-62.46,0,0,0,0
18:31:36,62.33,0.00,-62.33,0,0,0,0
18:31:46,61.11,0.00,-61.11,0,0,0,0
18:31:56,61.93,0.00,-61.93,0,0,0,0
18:32:07,61.91,0.00,-61.91,0,0,0,0
18:32:17,61.85,0.00,-61.85,0,0,0,0
18:32:27,61.78,0.00,-61.78,0,0,0,0
18:32:37,60.43,0.00,-60.43,0,0,0,0
18:32:47,61.63,0.00,-61.63,0,0,0,0
18:32:57,61.60,0.00,-61.60,0,0,0,0
18:33:07,60.38,0.00,-60.38,0,0,0,0
18:33:18,61.35,0.00,-61.35,0,0,0,0
18:33:28,61.23,0.00,-61.23,0,0,0,0
18:33:38,61.03,0.00,-61.03,0,0,0,0
18:33:48,58.63,0.00,-58.63,0,0,0,0
18:33:58,59.60,0.00,-59.60,0,0,0,0
18:34:08,59.80,0.00,-59.80,0,0,0,0
18:34:19,60.85,0.00,-60.85,0,0,0,0
18:34:29,59.65,0.00,-59.65,0,0,0,0
18:34:39,60.50,0.00,-60.50,0,0,0,0
18:34:49,59.25,0.00,-59.25,0,0,0,0
18:34:59,59.13,0.00,-59.13,0,0,0,0
18:35:09,60.23,0.00,-60.23,0,0,0,0
18:35:19,59.98,0.00,-59.98,0,0,0,0
18:35:29,60.00,0.00,-60.00,0,0,0,0
18:35:40,59.98,0.00,-59.98,0,0,0,0
18:35:50,58.78,0.00,-58.78,0,0,0,0
18:36:00,59.98,0.00,-59.98,0,0,0,0
18:36:10,59.78,0.00,-59.78,0,0,0,0
18:36:20,59.53,0.00,-59.53,0,0,0,0
18:36:30,58.20,0.00,-58.20,0,0,0,0
18:36:40,59.45,0.00,-59.45,0,0,0,0
18:36:50,59.30,0.00,-59.30,0,0,0,0
18:37:01,58.98,0.00,-58.98,0,0,0,0
18:37:11,59.00,0.00,-59.00,0,0,0,0
18:37:21,58.55,0.00,-58.55,0,0,0,0
18:37:31,58.88,0.00,-58.88,0,0,0,0
18:37:41,57.48,0.00,-57.48,0,0,0,0
18:37:51,58.40,0.00,-58.40,0,0,0,0
18:38:02,58.40,0.00,-58.40,0,0,0,0
18:38:12,57.45,0.00,-57.45,0,0,0,0
18:38:22,58.55,0.00,-58.55,0,0,0,0
18:38:32,58.38,0.00,-58.38,0,0,0,0
18:38:43,56.83,0.00,-56.83,0,0,0,0
18:38:53,56.78,0.00,-56.78,0,0,0,0
18:39:03,57.83,0.00,-57.83,0,0,0,0
18:39:13,57.90,0.00,-57.90,0,0,0,0
18:39:24,57.58,0.00,-57.58,0,0,0,0
18:39:34,57.60,0.00,-57.60,0,0,0,0
18:39:44,57.58,0.00,-57.58,0,0,0,0
18:39:54,57.28,0.00,-57.28,0,0,0,0
18:40:04,57.38,0.00,-57.38,0,0,0,0
18:40:15,57.23,0.00,-57.23,0,0,0,0
18:40:25,57.03,0.00,-57.03,0,0,0,0
18:40:36,57.28,0.00,-57.28,0,0,0,0
18:40:46,57.05,0.00,-57.05,0,0,0,0
18:40:57,57.00,0.00,-57.00,0,0,0,0
18:41:07,56.78,0.00,-56.78,0,0,0,0
18:41:17,56.65,0.00,-56.65,0,0,0,0
18:41:27,56.80,0.00,-56.80,0,0,0,0
18:41:37,56.33,0.00,-56.33,0,0,0,0
18:41:47,55.22,0.00,-55.22,0,0,0,0
18:41:58,55.95,0.00,-55.95,0,0,0,0
18:42:08,56.20,0.00,-56.20,0,0,0,0
18:42:18,55.20,0.00,-55.20,0,0,0,0
18:42:28,56.25,0.00,-56.25,0,0,0,0
18:42:38,56.07,0.00,-56.07,0,0,0,0
18:42:48,55.95,0.00,-55.95,0,0,0,0
18:42:59,55.77,0.00,-55.77,0,0,0,0
18:43:09,55.92,0.00,-55.92,0,0,0,0
18:43:19,55.65,0.00,-55.65,0,0,0,0
18:43:29,55.72,0.00,-55.72,0,0,0,0
18:43:39,55.67,0.00,-55.67,0,0,0,0
18:43:49,54.95,0.00,-54.95,0,0,0,0
18:43:59,54.55,0.00,-54.55,0,0,0,0
18:44:10,55.10,0.00,-55.10,0,0,0,0
18:44:20,55.02,0.00,-55.02,0,0,0,0
18:44:30,54.12,0.00,-54.12,0,0,0,0
18:44:40,54.90,0.00,-54.90,0,0,0,0
18:44:50,55.05,0.00,-55.05,0,0,0,0
18:45:00,54.85,0.00,-54.85,0,0,0,0
18:45:11,54.77,0.00,-54.77,0,0,0,0
18:45:21,54.97,0.00,-54.97,0,0,0,0
18:45:32,53.95,0.00,-53.95,0,0,0,0
18:45:42,54.37,0.00,-54.37,0,0,0,0
18:45:52,53.70,0.00,-53.70,0,0,0,0
18:46:02,52.97,0.00,-52.97,0,0,0,0
18:46:12,53.80,0.00,-53.80,0,0,0,0
18:46:22,54.07,0.00,-54.07,0,0,0,0
18:46:32,53.97,0.00,-53.97,0,0,0,0
18:46:43,53.82,0.00,-53.82,0,0,0,0
18:46:53,53.92,0.00,-53.92,0,0,0,0
18:47:03,53.52,0.00,-53.52,0,0,0,0
18:47:13,53.52,0.00,-53.52,0,0,0,0
18:47:23,53.67,0.00,-53.67,0,0,0,0
18:47:33,53.47,0.00,-53.47,0,0,0,0
18:47:43,53.40,0.00,-53.40,0,0,0,0
18:47:54,53.35,0.00,-53.35,0,0,0,0
18:48:04,52.22,0.00,-52.22,0,0,0,0
18:48:14,53.25,0.00,-53.25,0,0,0,0
18:48:24,53.22,0.00,-53.22,0,0,0,0
18:48:34,53.07,0.00,-53.07,0,0,0,0
18:48:44,53.00,0.00,-53.00,0,0,0,0
18:48:55,52.57,0.00,-52.57,0,0,0,0
18:49:05,53.02,0.00,-53.02,0,0,0,0
18:49:15,52.55,0.00,-52.55,0,0,0,0
18:49:25,52.75,0.00,-52.75,0,0,0,0
18:49:35,52.10,0.00,-52.10,0,0,0,0
18:49:45,52.22,0.00,-52.22,0,0,0,0
18:49:55,52.00,0.00,-52.00,0,0,0,0
18:50:05,52.42,0.00,-52.42,0,0,0,0
18:50:15,52.40,0.00,-52.40,0,0,0,0
18:50:26,52.07,0.00,-52.07,0,0,0,0
18:50:36,51.77,0.00,-51.77,0,0,0,0
18:50:46,52.00,0.00,-52.00,0,0,0,0
18:50:56,51.82,0.00,-51.82,0,0,0,0
18:51:06,51.95,0.00,-51.95,0,0,0,0
18:51:16,51.55,0.00,-51.55,0,0,0,0
18:51:26,51.97,0.00,-51.97,0,0,0,0
18:51:37,51.80,0.00,-51.80,0,0,0,0
18:51:47,51.77,0.00,-51.77,0,0,0,0
18:51:57,51.34,0.00,-51.34,0,0,0,0
18:52:08,51.44,0.00,-51.44,0,0,0,0
18:52:18,51.47,0.00,-51.47,0,0,0,0
18:52:29,51.39,0.00,-51.39,0,0,0,0
18:52:39,51.42,0.00,-51.42,0,0,0,0
18:52:49,51.22,0.00,-51.22,0,0,0,0
18:52:59,50.99,0.00,-50.99,0,0,0,0
18:53:09,51.19,0.00,-51.19,0,0,0,0
18:53:19,50.59,0.00,-50.59,0,0,0,0
18:53:29,50.89,0.00,-50.89,0,0,0,0
18:53:40,51.14,0.00,-51.14,0,0,0,0
18:53:50,50.89,0.00,-50.89,0,0,0,0
18:54:00,51.12,0.00,-51.12,0,0,0,0
18:54:10,50.89,0.00,-50.89,0,0,0,0
18:54:20,50.82,0.00,-50.82,0,0,0,0
18:54:30,50.59,0.00,-50.59,0,0,0,0
18:54:40,50.59,0.00,-50.59,0,0,0,0
18:54:51,50.47,0.00,-50.47,0,0,0,0
18:55:01,50.29,0.00,-50.29,0,0,0,0
18:55:11,50.47,0.00,-50.47,0,0,0,0
18:55:21,50.17,0.00,-50.17,0,0,0,0
18:55:31,50.44,0.00,-50.44,0,0,0,0
18:55:41,49.99,0.00,-49.99,0,0,0,0
18:55:51,50.37,0.00,-50.37,0,0,0,0
18:56:02,50.04,0.00,-50.04,0,0,0,0
18:56:12,49.74,0.00,-49.74,0,0,0,0
18:56:22,49.72,0.00,-49.72,0,0,0,0
18:56:32,50.04,0.00,-50.04,0,0,0,0
18:56:42,49.89,0.00,-49.89,0,0,0,0
18:56:53,49.69,0.00,-49.69,0,0,0,0
18:57:03,49.57,0.00,-49.57,0,0,0,0
18:57:13,49.49,0.00,-49.49,0,0,0,0
18:57:24,49.69,0.00,-49.69,0,0,0,0
18:57:34,49.47,0.00,-49.47,0,0,0,0
18:57:44,49.47,0.00,-49.47,0,0,0,0
18:57:54,49.24,0.00,-49.24,0,0,0,0
18:58:04,48.94,0.00,-48.94,0,0,0,0
18:58:14,49.42,0.00,-49.42,0,0,0,0
18:58:25,49.22,0.00,-49.22,0,0,0,0
18:58:35,49.14,0.00,-49.14,0,0,0,0
18:58:45,49.04,0.00,-49.04,0,0,0,0
18:58:55,49.04,0.00,-49.04,0,0,0,0
18:59:05,48.97,0.00,-48.97,0,0,0,0
18:59:15,48.84,0.00,-48.84,0,0,0,0
18:59:25,48.74,0.00,-48.74,0,0,0,0
18:59:35,48.64,0.00,-48.64,0,0,0,0
18:59:46,48.52,0.00,-48.52,0,0,0,0
18:59:56,48.94,0.00,-48.94,0,0,0,0
19:00:06,48.62,0.00,-48.62,0,0,0,0
19:00:16,48.52,0.00,-48.52,0,0,0,0
19:00:26,48.32,0.00,-48.32,0,0,0,0
19:00:37,48.39,0.00,-48.39,0,0,0,0
19:00:47,48.17,0.00,-48.17,0,0,0,0
19:00:57,48.32,0.00,-48.32,0,0,0,0
19:01:07,48.19,0.00,-48.19,0,0,0,0
19:01:17,48.11,0.00,-48.11,0,0,0,0
19:01:27,48.24,0.00,-48.24,0,0,0,0
19:01:37,47.86,0.00,-47.86,0,0,0,0
19:01:48,48.11,0.00,-48.11,0,0,0,0
19:01:58,47.99,0.00,-47.99,0,0,0,0
19:02:08,48.06,0.00,-48.06,0,0,0,0
19:02:18,48.09,0.00,-48.09,0,0,0,0
19:02:28,48.11,0.00,-48.11,0,0,0,0
19:02:38,47.61,0.00,-47.61,0,0,0,0
19:02:49,47.49,0.00,-47.49,0,0,0,0
19:02:59,47.56,0.00,-47.56,0,0,0,0
19:03:09,47.39,0.00,-47.39,0,0,0,0
19:03:19,47.36,0.00,-47.36,0,0,0,0
19:03:29,47.41,0.00,-47.41,0,0,0,0
19:03:39,47.46,0.00,-47.46,0,0,0,0
19:03:49,47.41,0.00,-47.41,0,0,0,0
19:03:59,47.16,0.00,-47.16,0,0,0,0
19:04:10,47.24,0.00,-47.24,0,0,0,0
19:04:20,47.19,0.00,-47.19,0,0,0,0
19:04:30,47.14,0.00,-47.14,0,0,0,0
19:04:40,47.11,0.00,-47.11,0,0,0,0
19:04:50,47.21,0.00,-47.21,0,0,0,0
19:05:00,47.19,0.00,-47.19,0,0,0,0
19:05:11,46.66,0.00,-46.66,0,0,0,0
19:05:21,47.01,0.00,-47.01,0,0,0,0
19:05:31,46.89,0.00,-46.89,0,0,0,0
19:05:41,46.89,0.00,-46.89,0,0,0,0
19:05:51,46.81,0.00,-46.81,0,0,0,0
19:06:01,46.51,0.00,-46.51,0,0,0,0
19:06:11,46.69,0.00,-46.69,0,0,0,0
19:06:22,46.66,0.00,-46.66,0,0,0,0
19:06:32,46.49,0.00,-46.49,0,0,0,0
19:06:42,46.64,0.00,-46.64,0,0,0,0
19:06:52,46.49,0.00,-46.49,0,0,0,0
19:07:02,46.39,0.00,-46.39,0,0,0,0
19:07:12,46.56,0.00,-46.56,0,0,0,0
19:07:22,46.46,0.00,-46.46,0,0,0,0
19:07:33,46.31,0.00,-46.31,0,0,0,0
19:07:43,46.14,0.00,-46.14,0,0,0,0
19:07:53,46.06,0.00,-46.06,0,0,0,0
19:08:03,46.16,0.00,-46.16,0,0,0,0
19:08:13,46.19,0.00,-46.19,0,0,0,0
19:08:23,46.06,0.00,-46.06,0,0,0,0
19:08:33,45.99,0.00,-45.99,0,0,0,0
19:08:43,45.79,0.00,-45.79,0,0,0,0
19:08:54,45.71,0.00,-45.71,0,0,0,0
19:09:04,45.96,0.00,-45.96,0,0,0,0
19:09:14,45.81,0.00,-45.81,0,0,0,0
19:09:24,45.84,0.00,-45.84,0,0,0,0
19:09:34,45.91,0.00,-45.91,0,0,0,0
19:09:44,45.61,0.00,-45.61,0,0,0,0
19:09:55,45.46,0.00,-45.46,0,0,0,0
19:10:05,45.61,0.00,-45.61,0,0,0,0
19:10:15,45.56,0.00,-45.56,0,0,0,0
19:10:25,45.41,0.00,-45.41,0,0,0,0
19:10:35,45.44,0.00,-45.44,0,0,0,0
19:10:45,45.54,0.00,-45.54,0,0,0,0
19:10:55,45.53,0.00,-45.53,0,0,0,0
19:11:05,45.61,0.00,-45.61,0,0,0,0
19:11:16,45.06,0.00,-45.06,0,0,0,0
19:11:26,45.36,0.00,-45.36,0,0,0,0
19:11:36,45.18,0.00,-45.18,0,0,0,0
19:11:46,45.21,0.00,-45.21,0,0,0,0
19:11:56,45.18,0.00,-45.18,0,0,0,0
19:12:06,45.16,0.00,-45.16,0,0,0,0
19:12:17,45.18,0.00,-45.18,0,0,0,0
19:12:27,45.11,0.00,-45.11,0,0,0,0
19:12:37,44.98,0.00,-44.98,0,0,0,0
19:12:48,44.71,0.00,-44.71,0,0,0,0
19:12:58,44.71,0.00,-44.71,0,0,0,0
19:13:08,44.93,0.00,-44.93,0,0,0,0
19:13:18,44.81,0.00,-44.81,0,0,0,0
19:13:28,44.86,0.00,-44.86,0,0,0,0
19:13:38,44.63,0.00,-44.63,0,0,0,0
19:13:48,44.73,0.00,-44.73,0,0,0,0
19:13:59,44.56,0.00,-44.56,0,0,0,0
19:14:09,44.33,0.00,-44.33,0,0,0,0
19:14:19,44.58,0.00,-44.58,0,0,0,0
19:14:29,44.56,0.00,-44.56,0,0,0,0
19:14:39,44.56,0.00,-44.56,0,0,0,0
19:14:49,44.33,0.00,-44.33,0,0,0,0
19:15:00,44.26,0.00,-44.26,0,0,0,0
19:15:10,44.41,0.00,-44.41,0,0,0,0
19:15:20,44.51,0.00,-44.51,0,0,0,0
19:15:30,44.11,0.00,-44.11,0,0,0,0
19:15:41,44.23,0.00,-44.23,0,0,0,0
19:15:51,43.96,0.00,-43.96,0,0,0,0
19:16:02,44.13,0.00,-44.13,0,0,0,0
19:16:12,44.16,0.00,-44.16,0,0,0,0
19:16:22,43.88,0.00,-43.88,0,0,0,0
19:16:32,44.26,0.00,-44.26,0,0,0,0
19:16:43,43.98,0.00,-43.98,0,0,0,0
19:16:53,43.91,0.00,-43.91,0,0,0,0
19:17:03,43.91,0.00,-43.91,0,0,0,0
19:17:13,43.91,0.00,-43.91,0,0,0,0
19:17:23,43.86,0.00,-43.86,0,0,0,0
19:17:33,43.81,0.00,-43.81,0,0,0,0
19:17:44,43.81,0.00,-43.81,0,0,0,0
19:17:54,43.61,0.00,-43.61,0,0,0,0
19:18:04,43.43,0.00,-43.43,0,0,0,0
19:18:14,43.38,0.00,-43.38,0,0,0,0
19:18:24,43.28,0.00,-43.28,0,0,0,0
19:18:34,43.46,0.00,-43.46,0,0,0,0
